{
  "main": {
    "id": "625e0704b8230b24",
    "type": "split",
    "children": [
      {
        "id": "9e963f90d95951db",
        "type": "tabs",
        "children": [
          {
            "id": "3cef8648ac3c48e7",
            "type": "leaf",
            "state": {
              "type": "markdown",
              "state": {
                "file": "Telebu/broadcast.md",
                "mode": "source",
                "source": false
              }
            }
          }
        ]
      }
    ],
    "direction": "vertical"
  },
  "left": {
    "id": "7a018be91ef1a59f",
    "type": "split",
    "children": [
      {
        "id": "1b15a1155afbc509",
        "type": "tabs",
        "children": [
          {
            "id": "724f75e52d08bea0",
            "type": "leaf",
            "state": {
              "type": "file-explorer",
              "state": {
                "sortOrder": "byCreatedTimeReverse"
              }
            }
          },
          {
            "id": "c330a30e1de90d52",
            "type": "leaf",
            "state": {
              "type": "search",
              "state": {
                "query": "",
                "matchingCase": true,
                "explainSearch": false,
                "collapseAll": true,
                "extraContext": false,
                "sortOrder": "alphabetical"
              }
            }
          },
          {
            "id": "ad750fd36f3ca4e3",
            "type": "leaf",
            "state": {
              "type": "bookmarks",
              "state": {}
            }
          }
        ]
      }
    ],
    "direction": "horizontal",
    "width": 300
  },
  "right": {
    "id": "fb5d74e2e5cde92d",
    "type": "split",
    "children": [
      {
        "id": "0f407370a4dd0b04",
        "type": "tabs",
        "children": [
          {
            "id": "0ca98a469d69debd",
            "type": "leaf",
            "state": {
              "type": "backlink",
              "state": {
                "file": "Telebu/broadcast.md",
                "collapseAll": false,
                "extraContext": false,
                "sortOrder": "alphabetical",
                "showSearch": false,
                "searchQuery": "",
                "backlinkCollapsed": false,
                "unlinkedCollapsed": true
              }
            }
          },
          {
            "id": "89889e1d0ade02ca",
            "type": "leaf",
            "state": {
              "type": "outgoing-link",
              "state": {
                "file": "Telebu/broadcast.md",
                "linksCollapsed": false,
                "unlinkedCollapsed": true
              }
            }
          },
          {
            "id": "1d3983d2124e0837",
            "type": "leaf",
            "state": {
              "type": "tag",
              "state": {
                "sortOrder": "frequency",
                "useHierarchy": true
              }
            }
          },
          {
            "id": "cc7fb0e422cb07db",
            "type": "leaf",
            "state": {
              "type": "outline",
              "state": {
                "file": "Telebu/broadcast.md"
              }
            }
          }
        ]
      }
    ],
    "direction": "horizontal",
    "width": 300,
    "collapsed": true
  },
  "left-ribbon": {
    "hiddenItems": {
      "switcher:Open quick switcher": false,
      "graph:Open graph view": false,
      "canvas:Create new canvas": false,
      "daily-notes:Open today's daily note": false,
      "templates:Insert template": false,
      "command-palette:Open command palette": false
    }
  },
  "active": "3cef8648ac3c48e7",
  "lastOpenFiles": [
    "Telebu/sitemap.md",
    "Telebu/train.md",
    "Telebu/bots master.md",
    "Telebu/single bot.md",
    "Telebu.zip",
    "Telebu/login.md",
    "Telebu/question.md",
    "Telebu/analytics.md",
    "Telebu/broadcast.md",
    "Telebu/settings.md",
    "Telebu/integrations.md",
    "Telebu/builder.md",
    "Telebu/payments.md",
    "Telebu/team.md",
    "Telebu/users.md",
    "Telebu/region settings.md",
    "Telebu/profile settings.md",
    "Telebu/user profile.md",
    "Telebu/notification settings.md",
    "Telebu/notifications.md",
    "Schema/TagForChat.md",
    "Schema/User.md",
    "Schema/BotChannel.md",
    "Schema/Bot.md",
    "Schema/Attributes.md",
    "Schema/Account.md",
    "Schema",
    "Schema design",
    "Untitled.canvas",
    "Telebu"
  ]
}